cluster,http,private,domain_u,smtp,ftp_data,eco_i,other,ecr_i,telnet,finger
0,0.029567204685044993,0.3740894157977432,0.0,0.0061419797171832595,0.03270961291244108,0.0,0.0005713469504356521,0.00014283673760891302,0.0362805313526639,0.03142408227396086
1,0.7172563319207648,0.005814526461022962,0.014684143096481719,0.13639499359416576,0.09332807726421602,0.0,0.00226667980683946,0.0,0.014487040504582636,0.004336257021779836
2,0.0,0.0,0.0,0.0,0.0,0.0,0.0,0.0,1.0,0.0
3,0.1723325479636486,0.36317738135307975,0.0,0.004039044092898014,0.013126893301918546,0.0,0.09861999326825985,0.0,0.012453719286435544,0.007741501178054527
4,0.0,0.0,0.0,0.0,0.0,0.0,0.0,0.0,0.004329004329004329,0.0
5,0.006389776357827476,0.0,0.008519701810436636,0.0,0.014909478168264111,0.8977635782747604,0.0,0.02023429179978701,0.029818956336528223,0.008519701810436636
6,0.0,0.0,0.0,0.0,0.0,0.0,0.0,0.0,1.0,0.0
7,0.0,0.15254237288135594,0.4270672829994864,0.0025680534155110425,0.04288649203903441,0.01694915254237288,0.1381612737544941,0.15228556753980482,0.0017976373908577298,0.018233179250128403
