cluster,SF,S0,REJ,RSTR,RSTO,S1,SH,RSTOS0,S2,S3
0,0.0011426939008713042,0.9880017140408514,0.0,0.0,0.0,0.0021425510641336952,0.005999142979574347,0.002713898014569347,0.0,0.0
1,0.9754607273085641,0.007194244604316547,0.0020695772149403767,0.0024637823987385433,0.0019710259189908348,0.007095693308367005,0.0,0.0,0.0020695772149403767,0.001478269439243126
2,0.875,0.0,0.0,0.0,0.125,0.0,0.0,0.0,0.0,0.0
3,0.004712218108381017,0.004039044092898014,0.7377987209693706,0.15853248064624706,0.09424436216762033,0.0,0.0,0.0006731740154830024,0.0,0.0
4,0.9913419913419913,0.0,0.0,0.0,0.008658008658008658,0.0,0.0,0.0,0.0,0.0
5,0.9904153354632588,0.003194888178913738,0.003194888178913738,0.0010649627263045794,0.0010649627263045794,0.0010649627263045794,0.0,0.0,0.0,0.0
6,1.0,0.0,0.0,0.0,0.0,0.0,0.0,0.0,0.0,0.0
7,0.9979455572675912,0.001027221366204417,0.0,0.0,0.0,0.0,0.00025680534155110427,0.0,0.0,0.0
