cluster,tcp,udp,icmp
0,0.999857163262391,0.0,0.00014283673760891302
1,0.9794027791465458,0.020498669557504682,9.855129594954174e-05
2,1.0,0.0,0.0
3,1.0,0.0,0.0
4,1.0,0.0,0.0
5,0.0724174653887114,0.009584664536741214,0.9179978700745474
6,1.0,0.0,0.0
7,0.07935285053929121,0.7175141242937854,0.20313302516692347
