cluster,normal,anomaly
0,0.0034280817026139123,0.9965719182973861
1,0.9673795210407017,0.032620478959298316
2,1.0,0.0
3,0.18074722315718614,0.8192527768428138
4,0.7359307359307359,0.26406926406926406
5,0.10543130990415335,0.8945686900958466
6,0.0,1.0
7,0.7177709296353364,0.2822290703646636
