anomaly,normal
0.9965719182973861,0.0034280817026139123
0.032620478959298316,0.9673795210407017
0.0,1.0
0.8192527768428138,0.18074722315718614
0.26406926406926406,0.7359307359307359
0.8945686900958466,0.10543130990415335
1.0,0.0
0.2822290703646636,0.7177709296353364
